Date,Description,Debit,Credit,Balance,Category,SubCategory
27/09/2023,Internet Withdrawal           27Sep13:39 To 0000439102433,100.00,,49166.49,Withdrawals & Transfers,Funds transfer
30/09/2023,Internet Withdrawal           30Sep11:49 To 0000439102433,100.00,,49066.49,Withdrawals & Transfers,Funds transfer
30/09/2023,Credit Interest,,34.04,49100.53,Deposits,Interest
30/09/2023,Tfn Withholding Tax,15.00,,49085.53,Bills & Payments,Tax payments
02/10/2023,Internet Withdrawal           01Oct11:57 To 0000439102433,120.00,,48965.53,Withdrawals & Transfers,Funds transfer
02/10/2023,Internet Withdrawal           02Oct11:05 To 0000439102433,120.00,,48845.53,Withdrawals & Transfers,Funds transfer
03/10/2023,Internet Withdrawal           03Oct18:30 To 0000439102433,80.00,,48765.53,Withdrawals & Transfers,Funds transfer
05/10/2023,Internet Deposit              05Oct08:25 From 0000439102433,,2240.00,51005.53,Deposits,Deposit
11/10/2023,Internet Withdrawal           11Oct16:34 To 0000439102433,100.00,,50905.53,Withdrawals & Transfers,Funds transfer
13/10/2023,Internet Deposit              13Oct11:26 From 0000439102433,,9100.00,60005.53,Deposits,Deposit
16/10/2023,Internet Withdrawal           15Oct03:49 To 0000439102433,200.00,,59805.53,Withdrawals & Transfers,Funds transfer
16/10/2023,Internet Withdrawal           16Oct01:10 To 0000439102433,50.00,,59755.53,Withdrawals & Transfers,Funds transfer
16/10/2023,Internet Withdrawal           16Oct17:28 To 0000439102433,100.00,,59655.53,Withdrawals & Transfers,Funds transfer
19/10/2023,Internet Deposit              19Oct02:10 From 0000439102433,,2000.00,61655.53,Deposits,Deposit
23/10/2023,Internet Withdrawal           22Oct21:25 To 0000439102433,300.00,,61355.53,Withdrawals & Transfers,Funds transfer
31/10/2023,Internet Deposit              31Oct09:12 From 0000439102433,,21000.00,82355.53,Deposits,Deposit
31/10/2023,Internet Withdrawal           31Oct09:13 To 0000439102433,1000.00,,81355.53,Withdrawals & Transfers,Funds transfer
31/10/2023,Internet Withdrawal           31Oct21:31 To 0000439102433,2500.00,,78855.53,Withdrawals & Transfers,Funds transfer
31/10/2023,Credit Interest,,53.58,78909.11,Deposits,Interest
31/10/2023,Tfn Withholding Tax,24.00,,78885.11,Bills & Payments,Tax payments
02/11/2023,Internet Deposit              02Nov11:02 From 0000439102433,,2969.00,81854.11,Deposits,Deposit
13/11/2023,Internet Withdrawal           12Nov01:24 To 0000439102433,500.00,,81354.11,Withdrawals & Transfers,Funds transfer
16/11/2023,Internet Deposit              16Nov01:14 From 0000439102433,,2700.00,84054.11,Deposits,Deposit
25/11/2023,Internet Withdrawal           24Nov22:46 July Luggage And Snap,980.66,,83073.45,Withdrawals & Transfers,Funds transfer
27/11/2023,Internet Withdrawal           26Nov00:11 To 0000439102433,50.00,,83023.45,Withdrawals & Transfers,Funds transfer
30/11/2023,Credit Interest,,74.63,83098.08,Deposits,Interest
30/11/2023,Tfn Withholding Tax,34.00,,83064.08,Bills & Payments,Tax payments
01/12/2023,Internet Deposit              30Nov22:53 From 0000439102433,,2550.00,85614.08,Deposits,Deposit
01/12/2023,Internet Withdrawal           01Dec11:21 Coldplay Tickets,780.96,,84833.12,Withdrawals & Transfers,Funds transfer
01/12/2023,Internet Deposit              01Dec14:10 Refunded Money,,390.48,85223.60,Deposits,Deposit
04/12/2023,Internet Withdrawal           03Dec22:55 To 4601841001739020,375.18,,84848.42,Withdrawals & Transfers,Funds transfer
06/12/2023,Internet Withdrawal           06Dec13:45 To 4601841001739020,40.66,,84807.76,Withdrawals & Transfers,Funds transfer
11/12/2023,Internet Withdrawal           10Dec10:37 To 4601841001739020,85.99,,84721.77,Withdrawals & Transfers,Funds transfer
11/12/2023,Internet Withdrawal           10Dec17:21 Uniqlo Shopping,156.75,,84565.02,Withdrawals & Transfers,Funds transfer
11/12/2023,Internet Withdrawal           10Dec17:21 To 0000439102433,100.00,,84465.02,Withdrawals & Transfers,Funds transfer
11/12/2023,Internet Withdrawal           10Dec23:31 To 4601841001739020,53.33,,84411.69,Withdrawals & Transfers,Funds transfer
11/12/2023,Internet Withdrawal           11Dec01:56 To 4601841001739020,75.00,,84336.69,Withdrawals & Transfers,Funds transfer
13/12/2023,Internet Withdrawal           13Dec00:01 To 0000439102433,100.00,,84236.69,Withdrawals & Transfers,Funds transfer
13/12/2023,Internet Withdrawal           13Dec13:16 To 4601841001739020,124.00,,84112.69,Withdrawals & Transfers,Funds transfer
15/12/2023,Internet Deposit              15Dec09:58 From 0000439102433,,4000.00,88112.69,Deposits,Deposit
23/12/2023,Internet Withdrawal           23Dec01:18 To 0000439102433,100.00,,88012.69,Withdrawals & Transfers,Funds transfer
23/12/2023,Internet Withdrawal           23Dec18:47 To 0000439102433,50.00,,87962.69,Withdrawals & Transfers,Funds transfer
27/12/2023,Internet Withdrawal           24Dec18:59 To 0000439102433,50.00,,87912.69,Withdrawals & Transfers,Funds transfer
28/12/2023,Internet Deposit              28Dec12:50 From 0000439102433,,2500.00,90412.69,Deposits,Deposit
30/12/2023,Credit Interest,,81.11,90493.80,Deposits,Interest
30/12/2023,Tfn Withholding Tax,38.00,,90455.80,Bills & Payments,Tax payments
08/01/2024,Internet Withdrawal           07Jan14:25 Dec Balance,2388.10,,88067.70,Withdrawals & Transfers,Funds transfer
08/01/2024,Internet Withdrawal           07Jan15:43 To 0000439102433,200.00,,87867.70,Withdrawals & Transfers,Funds transfer
11/01/2024,Internet Deposit              11Jan02:28 From 0000439102433,,3000.00,90867.70,Deposits,Deposit
11/01/2024,Internet Withdrawal           11Jan10:13 To 4601841001739020,31.00,,90836.70,Withdrawals & Transfers,Funds transfer
12/01/2024,Internet Withdrawal           12Jan19:17 To 0000439102433,50.00,,90786.70,Withdrawals & Transfers,Funds transfer
12/01/2024,Internet Withdrawal           12Jan21:53 To 4601841001739020,60.38,,90726.32,Withdrawals & Transfers,Funds transfer
13/01/2024,Internet Withdrawal           13Jan15:46 To 0000439102433,50.00,,90676.32,Withdrawals & Transfers,Funds transfer
13/01/2024,Internet Withdrawal           13Jan15:47 To 4601841001739020,.43,,90675.89,Withdrawals & Transfers,Funds transfer
13/01/2024,Internet Withdrawal           13Jan20:36 To 4601841001739020,244.18,,90431.71,Withdrawals & Transfers,Funds transfer
16/01/2024,Internet Withdrawal           16Jan03:27 To 0000439102433,120.00,,90311.71,Withdrawals & Transfers,Funds transfer
17/01/2024,Internet Withdrawal           16Jan23:55 To 0000439102433,145.00,,90166.71,Withdrawals & Transfers,Funds transfer
20/01/2024,Internet Withdrawal           19Jan23:46 To 0000439102433,100.00,,90066.71,Withdrawals & Transfers,Funds transfer
22/01/2024,Internet Withdrawal           21Jan16:39 To 0000439102433,400.00,,89666.71,Withdrawals & Transfers,Funds transfer
22/01/2024,Internet Withdrawal           21Jan23:16 To 4601841001739020,300.00,,89366.71,Withdrawals & Transfers,Funds transfer
22/01/2024,Internet Deposit              21Jan23:17 From 0000439102433,,300.00,89666.71,Deposits,Deposit
27/01/2024,Internet Withdrawal           27Jan02:35 To 4601841001739020,2000.00,,87666.71,Withdrawals & Transfers,Funds transfer
31/01/2024,Credit Interest,,83.60,87750.31,Deposits,Interest
31/01/2024,Tfn Withholding Tax,39.00,,87711.31,Bills & Payments,Tax payments
05/02/2024,Internet Withdrawal           05Feb13:48 To 0000439102433,1500.00,,86211.31,Withdrawals & Transfers,Funds transfer
09/02/2024,Internet Deposit              09Feb08:51 From 0000439102433,,3000.00,89211.31,Deposits,Deposit
09/02/2024,Internet Withdrawal           09Feb08:51 To 4601841001739020,4298.94,,84912.37,Withdrawals & Transfers,Funds transfer
13/02/2024,Internet Withdrawal           13Feb21:30 To 4601841001739020,1033.45,,83878.92,Withdrawals & Transfers,Funds transfer
16/02/2024,Internet Withdrawal           15Feb22:35 To 0000439102433,450.00,,83428.92,Withdrawals & Transfers,Funds transfer
16/02/2024,Internet Withdrawal           16Feb13:58 To 0000439102433,200.00,,83228.92,Withdrawals & Transfers,Funds transfer
19/02/2024,Internet Withdrawal           18Feb17:11 To 0000439102433,150.00,,83078.92,Withdrawals & Transfers,Funds transfer
20/02/2024,Internet Withdrawal           20Feb08:41 To 0000439102433,80.00,,82998.92,Withdrawals & Transfers,Funds transfer
20/02/2024,Internet Withdrawal           20Feb17:07 To 0000439102433,100.00,,82898.92,Withdrawals & Transfers,Funds transfer
22/02/2024,Internet Deposit              22Feb02:54 From 0000439102433,,3000.00,85898.92,Deposits,Deposit
22/02/2024,Internet Withdrawal           22Feb19:05 To 0000439102433,250.00,,85648.92,Withdrawals & Transfers,Funds transfer
26/02/2024,Internet Withdrawal           26Feb11:23 To 0000439102433,110.00,,85538.92,Withdrawals & Transfers,Funds transfer
28/02/2024,Internet Withdrawal           28Feb10:01 To 4601841001739020,499.04,,85039.88,Withdrawals & Transfers,Funds transfer
28/02/2024,Internet Withdrawal           28Feb14:07 To 0000439102433,242.00,,84797.88,Withdrawals & Transfers,Funds transfer
29/02/2024,Internet Withdrawal           29Feb12:06 To 0000439102433,275.00,,84522.88,Withdrawals & Transfers,Funds transfer
29/02/2024,Credit Interest,,74.37,84597.25,Deposits,Interest
29/02/2024,Tfn Withholding Tax,34.00,,84563.25,Bills & Payments,Tax payments
04/03/2024,Internet Withdrawal           03Mar12:58 To 0000439102433,100.00,,84463.25,Withdrawals & Transfers,Funds transfer
04/03/2024,Internet Withdrawal           04Mar00:38 To 0000439102433,100.00,,84363.25,Withdrawals & Transfers,Funds transfer
07/03/2024,Internet Deposit              07Mar10:09 From 0000439102433,,2400.00,86763.25,Deposits,Deposit
11/03/2024,Internet Withdrawal           10Mar15:17 To 4601841001739020,91.11,,86672.14,Withdrawals & Transfers,Funds transfer
13/03/2024,Internet Withdrawal           13Mar18:46 To 4601841001739020,643.49,,86028.65,Withdrawals & Transfers,Funds transfer
15/03/2024,Internet Withdrawal           15Mar20:45 To 0000439102433,30.00,,85998.65,Withdrawals & Transfers,Funds transfer
16/03/2024,Internet Withdrawal           16Mar10:37 To 0000439102433,50.00,,85948.65,Withdrawals & Transfers,Funds transfer
18/03/2024,Internet Withdrawal           17Mar18:44 To 0000439102433,36.00,,85912.65,Withdrawals & Transfers,Funds transfer
18/03/2024,Internet Withdrawal           17Mar21:04 To 0000439102433,50.00,,85862.65,Withdrawals & Transfers,Funds transfer
19/03/2024,Internet Withdrawal           19Mar01:03 To 0000439102433,70.00,,85792.65,Withdrawals & Transfers,Funds transfer
21/03/2024,Internet Withdrawal           21Mar21:38 To 0000439102433,80.00,,85712.65,Withdrawals & Transfers,Funds transfer
22/03/2024,Internet Deposit              22Mar01:52 From 0000439102433,,2750.00,88462.65,Deposits,Deposit
27/03/2024,Internet Withdrawal           27Mar15:57 To 0000439102433,100.00,,88362.65,Withdrawals & Transfers,Funds transfer
30/03/2024,Credit Interest,,80.89,88443.54,Deposits,Interest
30/03/2024,Tfn Withholding Tax,37.00,,88406.54,Bills & Payments,Tax payments
02/04/2024,Internet Withdrawal           02Apr12:03 To 0000439102433,50.00,,88356.54,Withdrawals & Transfers,Funds transfer
04/04/2024,Internet Deposit              04Apr02:13 From 0000439102433,,2800.00,91156.54,Deposits,Deposit
04/04/2024,Internet Withdrawal           04Apr02:13 To 4601841001739020,1240.91,,89915.63,Withdrawals & Transfers,Funds transfer
04/04/2024,Internet Withdrawal           04Apr12:29 To 0000439102433,50.00,,89865.63,Withdrawals & Transfers,Funds transfer
05/04/2024,Internet Withdrawal           05Apr18:12 To 0000439102433,150.00,,89715.63,Withdrawals & Transfers,Funds transfer
09/04/2024,Internet Withdrawal           09Apr09:04 To 0000439102433,150.00,,89565.63,Withdrawals & Transfers,Funds transfer
09/04/2024,Internet Withdrawal           09Apr16:25 To 4601841001739020,264.64,,89300.99,Withdrawals & Transfers,Funds transfer
18/04/2024,Internet Deposit              18Apr17:31 From 0000439102433,,2800.00,92100.99,Deposits,Deposit
18/04/2024,Internet Withdrawal           18Apr17:33 To 0000439102433,100.00,,92000.99,Withdrawals & Transfers,Funds transfer
19/04/2024,Internet Withdrawal           19Apr14:47 To 0000439102433,100.00,,91900.99,Withdrawals & Transfers,Funds transfer
27/04/2024,Internet Withdrawal           27Apr15:20 To 0000439102433,182.25,,91718.74,Withdrawals & Transfers,Funds transfer
30/04/2024,Credit Interest,,81.72,91800.46,Deposits,Interest
30/04/2024,Tfn Withholding Tax,38.00,,91762.46,Bills & Payments,Tax payments
01/05/2024,Internet Withdrawal           01May09:07 To 0000439102433,100.00,,91662.46,Withdrawals & Transfers,Funds transfer
02/05/2024,Internet Deposit              02May10:36 From 0000439102433,,3000.00,94662.46,Deposits,Deposit
02/05/2024,Internet Withdrawal           02May12:11 To 0000439102433,80.00,,94582.46,Withdrawals & Transfers,Funds transfer
03/05/2024,Internet Withdrawal           03May12:52 To 0000439102433,50.00,,94532.46,Withdrawals & Transfers,Funds transfer
06/05/2024,Internet Withdrawal           05May22:14 To 0000439102433,25.00,,94507.46,Withdrawals & Transfers,Funds transfer
07/05/2024,Internet Withdrawal           06May22:54 To 0000439102433,215.00,,94292.46,Withdrawals & Transfers,Funds transfer
08/05/2024,Internet Withdrawal           08May10:10 To 4601841001739020,818.18,,93474.28,Withdrawals & Transfers,Funds transfer
11/05/2024,Internet Withdrawal           11May15:07 To 4601841001739020,31.58,,93442.70,Withdrawals & Transfers,Funds transfer
11/05/2024,Internet Withdrawal           11May16:32 To 0000439102433,110.00,,93332.70,Withdrawals & Transfers,Funds transfer
11/05/2024,Internet Withdrawal           11May20:48 To 4601841001739020,191.20,,93141.50,Withdrawals & Transfers,Funds transfer
13/05/2024,Internet Withdrawal           12May21:13 To 4601841001739020,19.17,,93122.33,Withdrawals & Transfers,Funds transfer
13/05/2024,Internet Withdrawal           12May21:13 To 0000439102433,50.00,,93072.33,Withdrawals & Transfers,Funds transfer
16/05/2024,Internet Deposit              16May01:23 From 0000439102433,,3000.00,96072.33,Deposits,Deposit
16/05/2024,Internet Withdrawal           16May17:50 To 0000439102433,50.00,,96022.33,Withdrawals & Transfers,Funds transfer
17/05/2024,Internet Withdrawal           16May23:52 To 0000439102433,25.00,,95997.33,Withdrawals & Transfers,Funds transfer
20/05/2024,Internet Withdrawal           20May01:05 To 0000439102433,50.00,,95947.33,Withdrawals & Transfers,Funds transfer
21/05/2024,Internet Withdrawal           20May23:27 To 0000439102433,35.00,,95912.33,Withdrawals & Transfers,Funds transfer
22/05/2024,Internet Withdrawal           22May08:38 To 0000439102433,50.00,,95862.33,Withdrawals & Transfers,Funds transfer
30/05/2024,Internet Deposit              30May01:40 From 0000439102433,,3000.00,98862.33,Deposits,Deposit
31/05/2024,Internet Withdrawal           30May23:38 To 0000439102433,50.00,,98812.33,Withdrawals & Transfers,Funds transfer
31/05/2024,Credit Interest,,88.74,98901.07,Deposits,Interest
31/05/2024,Tfn Withholding Tax,41.00,,98860.07,Bills & Payments,Tax payments
03/06/2024,Internet Withdrawal           02Jun14:43 To 0000439102433,120.00,,98740.07,Withdrawals & Transfers,Funds transfer
10/06/2024,Internet Withdrawal           09Jun01:48 To 0000439102433,50.00,,98690.07,Withdrawals & Transfers,Funds transfer
10/06/2024,Internet Withdrawal           09Jun18:00 To 4601841001739020,1443.45,,97246.62,Withdrawals & Transfers,Funds transfer
11/06/2024,Internet Withdrawal           11Jun21:25 To 0000439102433,125.00,,97121.62,Withdrawals & Transfers,Funds transfer
13/06/2024,Internet Deposit              13Jun03:13 From 0000439102433,,3000.00,100121.62,Deposits,Deposit
13/06/2024,Internet Withdrawal           13Jun03:14 To 4601841001739020,.07,,100121.55,Withdrawals & Transfers,Funds transfer
14/06/2024,Internet Withdrawal           14Jun20:39 To 0000439102433,80.00,,100041.55,Withdrawals & Transfers,Funds transfer
19/06/2024,Internet Withdrawal           19Jun16:11 To 0000439102433,100.00,,99941.55,Withdrawals & Transfers,Funds transfer
21/06/2024,Internet Withdrawal           21Jun18:43 To 0000439102433,50.00,,99891.55,Withdrawals & Transfers,Funds transfer
24/06/2024,Internet Withdrawal           24Jun09:14 To 0000439102433,100.00,,99791.55,Withdrawals & Transfers,Funds transfer
27/06/2024,Internet Deposit              27Jun09:39 From 0000439102433,,3020.00,102811.55,Deposits,Deposit
29/06/2024,Credit Interest,,90.08,102901.63,Deposits,Interest
29/06/2024,Tfn Withholding Tax,42.00,,102859.63,Bills & Payments,Tax payments
01/07/2024,Internet Withdrawal           30Jun20:31 To 0000439102433,120.00,,102739.63,Withdrawals & Transfers,Funds transfer
08/07/2024,Internet Withdrawal           07Jul20:55 To 0000439102433,20000.00,,82739.63,Withdrawals & Transfers,Funds transfer
08/07/2024,Internet Withdrawal           07Jul21:04 To 0000439102433,25000.00,,57739.63,Withdrawals & Transfers,Funds transfer
08/07/2024,Internet Withdrawal           08Jul19:20 To 0000439102433,57000.00,,739.63,Withdrawals & Transfers,Funds transfer
08/07/2024,Internet Withdrawal           08Jul19:20 To 0000439102433,600.00,,139.63,Withdrawals & Transfers,Funds transfer
08/07/2024,Internet Withdrawal           08Jul19:31 To 0000439102433,139.63,,.00,Withdrawals & Transfers,Funds transfer
31/07/2024,Credit Interest,,20.31,20.31,Deposits,Interest
31/07/2024,Tfn Withholding Tax,9.00,,11.31,Bills & Payments,Tax payments
05/08/2024,Internet Withdrawal           05Aug18:08 To 4601841001739020,11.31,,.00,Withdrawals & Transfers,Funds transfer
