Account number,Investment,Product ID,Product Type,Trade Date,Type,Unit Price,Quantity,Value,Brokerage
77777777,Vanguard High Growth Index Fund,VAN0111AU,Managed Fund,1-Jul-26,DRP,2.30652394,345.65,797.25,
77777777,Vanguard High Growth Index Fund,VAN0111AU,Managed Fund,1-Apr-26,DRP,2.14717293,193.31,415.07,
77777777,Vanguard High Growth Index Fund,VAN0111AU,Managed Fund,1-Jan-26,DRP,2.23715374,97.11,217.25,
77777777,Vanguard High Growth Index Fund,VAN0111AU,Managed Fund,13-Oct-25,Managed Fund Transaction,2.2369,13411.42,30000,
77777777,Vanguard High Growth Index Fund,VAN0111AU,Managed Fund,6-Oct-25,Managed Fund Transaction,2.2483,889.56,2000,
77777777,Vanguard High Growth Index Fund,VAN0111AU,Managed Fund,1-Oct-25,DRP,2.21984078,32.66,72.5,
77777777,Vanguard High Growth Index Fund,VAN0111AU,Managed Fund,10-Jul-25,Managed Fund Transaction,2.1299,1744.21,3715,
77777777,Vanguard High Growth Index Fund,VAN0111AU,Managed Fund,1-Jul-25,DRP,2.11182739,76.01,160.52,
77777777,Vanguard High Growth Index Fund,VAN0111AU,Managed Fund,11-Jun-25,Managed Fund Transaction,2.1265,4702.56,10000,
